# Time, Target, Prediction
1.822488236731958011e+01,-5.753696373933927209e-03,-5.053633823990821838e-03
2.206362914179779011e+01,3.565728745316263520e-02,3.660561889410018921e-02
5.153242600474271740e+00,-1.923490286363242069e-02,-1.999890245497226715e-02
1.071497394357912825e+01,3.552296306158360395e-02,3.594666719436645508e-02
1.697846799852583644e+01,4.535280267553169764e-02,4.586110264062881470e-02
2.911791550710733922e+00,-2.907103071959716845e-01,-2.912598550319671631e-01
1.605151277467502524e+01,3.015067116302862921e-02,3.094001673161983490e-02
1.052644067771116632e+01,2.046624534033061188e-02,2.083136700093746185e-02
1.578442398136208169e+01,1.666370709985191823e-02,1.741728745400905609e-02
1.780591955427966866e+01,1.597336179152224547e-02,1.666232012212276459e-02
2.508539843159816929e+00,-1.942217684541052980e-01,-1.947788149118423462e-01
1.239606223090178183e+01,3.361087621003745751e-02,3.424201160669326782e-02
1.595724614174104872e+01,2.573137712493979434e-02,2.651925943791866302e-02
5.074687073029288342e+00,-3.552284470754794865e-02,-3.631280362606048584e-02
2.309008803374558028e+01,1.053116008213450527e-02,1.162218116223812103e-02
2.457740602003727304e+01,-3.184484768085105860e-02,-3.026049770414829254e-02
1.227037338698980840e+01,4.161908996017253670e-02,4.220979660749435425e-02
2.327338426445054154e+01,3.181613803499873210e-03,4.037609323859214783e-03
1.794731950368063522e+01,8.707270754065167540e-03,9.424036368727684021e-03
2.213694763407977462e+01,3.532354777680439539e-02,3.635665029287338257e-02
5.483175815743204673e+00,4.014321321940346465e-02,3.952778875827789307e-02
2.262399190423867523e+01,2.666222758515106664e-02,2.806857787072658539e-02
1.818298608601558897e+01,-3.600564840190434695e-03,-2.892116084694862366e-03
7.939345307189697998e+00,-4.688909799941037154e-02,-4.672945290803909302e-02
2.533677611867211610e+01,-2.139000372554189511e-02,-2.031333185732364655e-02
1.759643814775970938e+01,2.603734085763318926e-02,2.665922604501247406e-02
1.810443055857060202e+01,4.833432813458366666e-04,1.202410086989402771e-03
2.363473969069746516e+01,-1.108017386309100363e-02,-1.053873635828495026e-02
2.144565899256391717e+01,2.766892788774174411e-02,2.831617556512355804e-02
1.154242549933295692e+01,6.670250240502133277e-02,6.713629513978958130e-02
1.041646293928818956e+01,1.079910644262713736e-02,1.113366894423961639e-02
2.068105185876607166e+01,-2.433011189466107414e-03,-1.167902722954750061e-03
2.407988767955237464e+01,-2.504309119151319762e-02,-2.422978915274143219e-02
1.131199595291100479e+00,4.713636884315232645e-01,4.706697762012481689e-01
2.547293903291008732e+01,-1.735289552851046121e-02,-1.660599745810031891e-02
1.466369845648031323e+01,-4.582700030395040619e-02,-4.510072618722915649e-02
2.208457728244978568e+01,3.558979643009879679e-02,3.656219691038131714e-02
1.870145256715248294e+01,-2.733169521201303867e-02,-2.666082419455051422e-02
2.046633341708311704e+01,-1.216876216323055718e-02,-1.090858317911624908e-02
2.477117632106823208e+01,-3.147825535282571668e-02,-2.974402345716953278e-02
1.134865519830199609e+01,6.530779392184858645e-02,6.576659530401229858e-02
1.163145509710393810e+01,6.609379470683576785e-02,6.652262061834335327e-02
6.137805211118069870e+00,1.005500675126925064e-01,1.002484932541847229e-01
2.454598380905927613e+01,-3.174202151207157485e-02,-3.019637800753116608e-02
7.478486212845793624e+00,6.339577544273430898e-03,6.400359794497489929e-03
1.109727751047804922e+01,5.791058281767342414e-02,5.839376896619796753e-02
1.022792967342022763e+01,-6.771847706247692382e-03,-6.470041349530220032e-03
1.538640930897416403e+01,-7.107857956756427967e-03,-6.491104140877723694e-03
2.522679838024913934e+01,-2.426960592484805196e-02,-2.295082248747348785e-02
2.436792461351731731e+01,-3.030563716149765191e-02,-2.902751602232456207e-02
2.160277004745388396e+01,3.146676056585240994e-02,3.208550065755844116e-02
1.051596660738516853e+01,1.956993106933716323e-02,1.993188075721263885e-02
2.352476195227448841e+01,-6.885859745852762615e-03,-6.289193406701087952e-03
1.758072704227071270e+01,2.674273405621173036e-02,2.735916338860988617e-02
1.054215178320016300e+01,2.180014160556768138e-02,2.216996811330318451e-02
4.844257525857336155e+00,-8.655031885191286078e-02,-8.738445490598678589e-02
2.238308828674072615e+01,3.226807625077286051e-02,3.355828672647476196e-02
2.599664254920998019e+01,9.505772397932196532e-04,1.163637265563011169e-03
8.693478370661543053e+00,-9.556634575374696461e-02,-9.541963785886764526e-02
1.259506956709573977e+01,1.973454707192798252e-02,2.039585076272487640e-02
1.929323754057136142e+01,-4.040089310873654083e-02,-3.934573382139205933e-02
1.164716620259293656e+01,6.590654200067365409e-02,6.633514910936355591e-02
2.446219124645129739e+01,-3.124598472200270857e-02,-2.981785871088504791e-02
2.317388059635356257e+01,7.198782907557646146e-03,8.182963356375694275e-03
2.472928003976424094e+01,-3.170241685899996553e-02,-2.998592890799045563e-02
1.841341563318754027e+01,-1.506801953167651552e-02,-1.441348530352115631e-02
2.487591702507821356e+00,-1.876017507913892990e-01,-1.881637275218963623e-01
1.895806729088942877e+00,5.626967038123582149e-02,5.565664917230606079e-02
6.326338476986030912e+00,1.023935803704917741e-01,1.021892055869102478e-01
2.460882823101526640e+01,-3.190221233174553306e-02,-3.028271533548831940e-02
6.745301290025944141e+00,8.437884649553054062e-02,8.437188714742660522e-02
2.105288135608899935e+00,-4.150974488746928676e-02,-4.209482669830322266e-02
2.188033291109282885e+01,3.528593842971849276e-02,3.604427725076675415e-02
7.881737920396711061e+00,-4.082431802412432587e-02,-4.068014770746231079e-02
2.117857019925097006e+01,1.889706358062210462e-02,1.974542997777462006e-02
2.325767315896154130e+01,3.818089853810491263e-03,4.693975672125816345e-03
2.075960738621105861e+01,1.151672942871709597e-03,2.382135018706321716e-03
1.824059347280857679e+01,-6.555151671854402354e-03,-5.858475342392921448e-03
2.607519807665496359e+01,3.779855902002740662e-03,4.183566197752952576e-03
2.227834758348074473e+01,3.392256732693225280e-02,3.511365503072738647e-02
9.232892992450432601e+00,-8.763287514675136003e-02,-8.741968125104904175e-02
9.107204148538457389e+00,-9.261129910989822356e-02,-9.243644773960113525e-02
9.164811536081446386e-01,5.900546556031097678e-01,5.893194079399108887e-01
1.348012850964255627e+01,-3.963369448042097787e-02,-3.916481882333755493e-02
5.603627625242179056e-01,7.732585793558254261e-01,7.726045846939086914e-01
2.169703668038786759e+01,3.319316174373634909e-02,3.383328765630722046e-02
3.859694915213538469e+00,-2.913266840298069371e-01,-2.920981347560882568e-01
2.397514697629239677e+01,-2.231333569204242348e-02,-2.163122035562992096e-02
1.564302403196111158e+01,8.529076147212575482e-03,9.233912453055381775e-03
1.143244776090998016e+01,6.637287876384638519e-02,6.681955605745315552e-02
1.942940045555933137e+00,3.334485861100529303e-02,3.274505585432052612e-02
1.969648924812227619e+01,-3.794281973819611103e-02,-3.702802211046218872e-02
1.224418821117481393e+01,4.319028102166470873e-02,4.377131909132003784e-02
6.897175309752913819e+00,7.167877965531944950e-02,7.171233743429183960e-02
3.047954464948705589e+00,-3.096774759058765203e-01,-3.102636933326721191e-01
2.164990336392087400e+01,3.238365639048488426e-02,3.300956636667251587e-02
2.423176169927934254e+01,-2.825153123926343879e-02,-2.720209397375583649e-02
1.481557247620728290e+01,-3.935092444738123169e-02,-3.867655247449874878e-02
8.080745256590669001e+00,-6.065108274397024157e-02,-6.046015769243240356e-02
1.874858588436947304e+00,6.661527009260946597e-02,6.599516421556472778e-02
9.086256007886461816e+00,-9.326719248198930834e-02,-9.309783577919006348e-02
1.393051353441046691e+00,3.241561632958238071e-01,3.234508037567138672e-01
8.117404502731663030e+00,-6.392644614709977469e-02,-6.372981518507003784e-02
2.367663597200145631e+01,-1.262100773393446881e-02,-1.208809949457645416e-02
9.751359473587324800e+00,-5.157817955204489074e-02,-5.126503109931945801e-02
9.814203895543313294e+00,-4.598555708723820606e-02,-4.567423462867736816e-02
1.344346926350156401e+01,-3.777453018549001285e-02,-3.730728477239608765e-02
1.979599291696925611e+00,1.586771917030551857e-02,1.527536474168300629e-02
1.493078724979325855e+01,-3.366306977493155328e-02,-3.302744776010513306e-02
2.324719908863554707e+01,4.242147301779128528e-03,5.131354555487632751e-03
2.340954717943851460e+00,-1.370661596344841249e-01,-1.376541405916213989e-01
1.239082519573878294e+01,3.395843978417845133e-02,3.458813577890396118e-02
2.402228029275938681e+01,-2.359096309361575702e-02,-2.285386063158512115e-02
2.201125879016780118e+01,3.572774643504533082e-02,3.661727160215377808e-02
5.257983303734250491e+00,1.324444299146454928e-03,6.023515015840530396e-04
1.714081608857880212e+01,4.224587516649416091e-02,4.275392740964889526e-02
8.672530230009547481e+00,-9.513560372747056904e-02,-9.498593956232070923e-02
1.551209815288613925e+01,6.292340359176203319e-04,1.284977421164512634e-03
2.193794029788581668e+01,3.558926525104080807e-02,3.640180081129074097e-02
2.094814065207901876e+01,9.542249607417922427e-03,1.062551699578762054e-02
8.971041234300487943e+00,-9.594166923404624792e-02,-9.579604119062423706e-02
2.377613964084843712e+00,-1.503750836162864035e-01,-1.509586572647094727e-01
9.065307867234468020e+00,-9.387171522719234273e-02,-9.370755404233932495e-02
1.848149709030652588e+01,-1.822137922954459102e-02,-1.757852174341678619e-02
1.992168176013123215e+01,-3.276280506004884685e-02,-3.185024112462997437e-02
1.960745965035129501e+01,-3.927490602186855390e-02,-3.832372277975082397e-02
1.707273463145981651e+01,4.374483360195623866e-02,4.424972087144851685e-02
2.215789577473177019e+01,3.517832763051004924e-02,3.623566776514053345e-02
1.871192663747848073e+01,-2.771772094367004266e-02,-2.704232372343540192e-02
3.189354414349676592e+00,-3.221524854013227968e-01,-3.227674961090087891e-01
7.331849228281823727e+00,2.417903641004848225e-02,2.423407323658466339e-02
2.520585023959714377e+01,-2.477445758883198984e-02,-2.341403998434543610e-02
2.534725018974811395e+00,-2.022805641533868548e-01,-2.028314173221588135e-01
7.797945357788726994e+00,-3.160509356932694053e-02,-3.148388862609863281e-02
3.393598785706634757e+00,-3.276598263287347490e-01,-3.282939195632934570e-01
2.217360688022076687e+01,3.505501087182120307e-02,3.613043576478958130e-02
8.693478371411543781e-01,6.154872722703724763e-01,6.147518754005432129e-01
1.797874171465863213e+01,7.066578704540854051e-03,7.786324247717857361e-03
1.662234960744191170e+01,4.617378078790958240e-02,4.677452892065048218e-02
2.284918441624762764e+01,1.953713801763417787e-02,2.087176404893398285e-02
1.633954970863996792e+01,4.075341347925605373e-02,4.147354513406753540e-02
2.392277662466240784e+01,-2.080415013846128452e-02,-2.017397619783878326e-02
1.350631368545755073e+01,-4.090983696086865351e-02,-4.043848067522048950e-02
1.165240323775593545e+01,6.583886754440836098e-02,6.626751273870468140e-02
2.462977637166726197e+01,-3.191521396270971533e-02,-3.027432598173618317e-02
2.404322843341138238e+01,-2.413323391458920344e-02,-2.336951531469821930e-02
1.309258790833063735e+00,3.712074097138330364e-01,3.705167174339294434e-01
1.155813660482195360e+01,6.665146994244476597e-02,6.708390265703201294e-02
6.593427270298976239e+00,9.408952844127216331e-02,9.402116388082504272e-02
1.044788515026618114e+01,1.361568652431097148e-02,1.395842246711254120e-02
1.287786946589768178e+01,-1.053129504201650571e-03,-4.370752722024917603e-04
6.095908929814077837e+00,9.921064249999676787e-02,9.888830035924911499e-02
4.069176321733495527e+00,-2.573063394236190793e-01,-2.581388950347900391e-01
1.979599291621925516e+01,-3.596049072087629389e-02,-3.506549447774887085e-02
2.109477763664299133e+01,1.565001125890079850e-02,1.658405922353267670e-02
6.698167973558954102e+00,8.773798460024195833e-02,8.771396428346633911e-02
4.268183657927454355e+00,-2.179379682567074705e-01,-2.187831252813339233e-01
3.299332152772653792e+00,-3.269057388939450304e-01,-3.275324106216430664e-01
1.256888439128074531e+01,2.162074124913212006e-02,2.228098176419734955e-02
1.322875082181860940e+01,-2.535508551856194975e-02,-2.485891617834568024e-02
1.177809208166790889e+01,6.344224084946807618e-02,6.387875229120254517e-02
1.771165292134568503e+01,2.063696620484852320e-02,2.129789255559444427e-02
1.556970553967912529e+01,4.136277136845368206e-03,4.813289269804954529e-03
6.431079180246008775e+00,1.005816905433460501e-01,1.004326716065406799e-01
1.838199342295955052e+00,8.494127462860370792e-02,8.430729061365127563e-02
1.588392764945906244e+01,2.202345890280552054e-02,2.280137501657009125e-02
3.367413609891640291e+00,-3.277504722376496926e-01,-3.283823430538177490e-01
6.965256767621900158e-01,7.059123652571154262e-01,7.052175402641296387e-01
6.174464457259062122e+00,1.014405638236565710e-01,1.011573746800422668e-01
1.498839463658624638e+01,-3.060883840942561773e-02,-2.998952008783817291e-02
2.434173943770232285e+01,-2.997362742145818007e-02,-2.873910404741764069e-02
1.632383860315097124e+01,4.030029254655440041e-02,4.102648049592971802e-02
6.640560586765966278e+00,9.142835942846658237e-02,9.138096868991851807e-02
1.039551479863619221e+01,8.899912855734210329e-03,9.229404851794242859e-03
1.346441740415355959e+01,-3.884713251092469788e-02,-3.837922960519790649e-02
2.384945813238041978e+01,-1.854316380458241251e-02,-1.796827651560306549e-02
2.143518492223791938e+01,2.737705267500958536e-02,2.802885137498378754e-02
2.315293245570156344e+01,8.037743496143612276e-03,9.049018844962120056e-03
2.031969643251914803e+01,-1.851070842383458273e-02,-1.732988096773624420e-02
2.581334631850501893e+01,-5.707656836628136748e-03,-5.578765645623207092e-03
1.629765342733597677e+01,3.951116248533675240e-02,4.024692624807357788e-02
1.398812092045345068e+01,-5.559748647968727059e-02,-5.494283884763717651e-02
2.448837642226629185e+01,-3.143557308258813215e-02,-2.996871806681156158e-02
8.489233999304584444e+00,-8.895799276427766855e-02,-8.877608180046081543e-02
2.438887275416930933e+01,-3.054922840992708652e-02,-2.923662401735782623e-02
1.527643157055118550e+01,-1.386305650128063886e-02,-1.326687075197696686e-02
1.758596407743371159e+01,2.650850988237924560e-02,2.712669037282466888e-02
2.267636225661866511e+00,-1.091485553626246607e-01,-1.097399815917015076e-01
2.577145003720102778e+01,-7.215735623176799257e-03,-7.050761952996253967e-03
2.012592613148818899e+01,-2.612109077445508992e-02,-2.508903481066226959e-02
1.715129015890480346e+01,4.199100742039520856e-02,4.249996691942214966e-02
1.028553706021321723e+01,-1.305897301631891647e-03,-9.972918778657913208e-04
1.034314444700620328e+01,4.084755056469208459e-03,4.403030499815940857e-03
1.766451960487869499e+01,2.289146656014968279e-02,2.353674732148647308e-02
7.682730584202752233e+00,-1.830479117684441145e-02,-1.821249164640903473e-02
1.130675891699800495e+01,6.451046094152391996e-02,6.497523933649063110e-02
2.541533164611709950e+01,-1.911848064792526919e-02,-1.823070086538791656e-02
5.231798127919256025e+00,-3.680948343551582441e-03,-4.414120689034461975e-03
2.115238502343597560e+01,1.790416261413294713e-02,1.877891086041927338e-02
1.860718593421850287e+01,-2.365088138775798404e-02,-2.300731278955936432e-02
3.184117379186677699e+00,-3.218194635946458604e-01,-3.224337100982666016e-01
7.541330634801781230e+00,-1.323977321085071128e-03,-1.256654039025306702e-03
1.501981684756423796e+01,-2.889139253243596175e-02,-2.827964164316654205e-02
1.208707715628484536e+01,5.177301341229706422e-02,5.229354649782180786e-02
1.856528965291450817e+01,-2.190286985214247653e-02,-2.126366831362247467e-02
4.399109537752428079e-01,8.293470139898403426e-01,8.287041783332824707e-01
8.232619276317638679e+00,-7.334199246857531218e-02,-7.313608378171920776e-02
3.315043258261650916e+00,-3.272407764615787307e-01,-3.278686404228210449e-01
2.175464406718085186e+01,3.403367908321897062e-02,3.470077365636825562e-02
2.215265873956877130e+01,3.521669437753482262e-02,3.626798838376998901e-02
7.677493549039752452e+00,-1.768642895679517837e-02,-1.759527809917926788e-02
8.567789526749569617e+00,-9.213170314447620413e-02,-9.196413308382034302e-02
5.703131292589159962e+00,6.969962419988876001e-02,6.919205933809280396e-02
2.309532506965858101e+00,-1.253109288254275200e-01,-1.259011775255203247e-01
6.273968125356041092e+00,1.025549822797395816e-01,1.023230552673339844e-01
3.681635719671575213e+00,-3.124156297486148648e-01,-3.131150007247924805e-01
2.592332405767799663e+00,-2.191543022497948467e-01,-2.196924388408660889e-01
1.694704578754784308e+01,4.576397016669698364e-02,4.627539962530136108e-02
8.112167467568664136e+00,-6.346645765293779107e-02,-6.327053904533386230e-02
1.293547685344067055e+00,3.800505659683910409e-01,3.793619275093078613e-01
5.226561092756258020e+00,-4.693153214177720085e-03,-5.428465083241462708e-03
3.372650645054638741e+00,-3.277506090358063284e-01,-3.283828496932983398e-01
9.379529977014403386e+00,-7.972151316060575865e-02,-7.946189492940902710e-02
7.410404755726807124e+00,1.465084835654842724e-02,1.470751874148845673e-02
2.455122084422227857e+01,-3.176231583467862413e-02,-3.020996786653995514e-02
1.814632683987459671e+01,-1.700861943721151915e-03,-9.865257889032363892e-04
1.881666734073845859e+01,-3.130527332692176201e-02,-3.056714870035648346e-02
1.990073361947923658e+01,-3.334659179136685581e-02,-3.244035691022872925e-02
2.579239817785301980e+01,-6.463119985761369909e-03,-6.318295374512672424e-03
2.198507361435280671e+01,3.571010890530347537e-02,3.657125681638717651e-02
7.132841892087865787e+00,4.742870029480421995e-02,4.748395830392837524e-02
8.583500632238566297e+00,-9.267225609956902810e-02,-9.250750392675399780e-02
4.451479888632417392e+00,-1.776030047999061778e-01,-1.784437149763107300e-01
6.080197824325081157e+00,9.861927746193614730e-02,9.828934818506240845e-02
1.810966759373360446e+01,2.097258029644692636e-04,9.283479303121566772e-04
1.540212041446316071e+01,-6.138518015041970199e-03,-5.517715588212013245e-03
2.023590386991116574e+01,-2.193091917243358835e-02,-2.081240154802799225e-02
2.204791803630878988e+01,3.569319247737412493e-02,3.662364929914474487e-02
7.473249177682794731e+00,6.979246375259743132e-03,7.039604708552360535e-03
1.852863040677351947e+01,-2.032133047641942677e-02,-1.968235708773136139e-02
2.159753301229088507e+01,3.135835747937341933e-02,3.197669237852096558e-02
1.276265469231170613e+01,7.441358103614855758e-03,8.087342604994773865e-03
1.192472906623187789e+01,5.886209372434408199e-02,5.932853370904922485e-02
2.337288793254752051e+01,-8.462874576223168143e-04,-1.092944294214248657e-04
9.861337212010303332e+00,-4.168557018517300705e-02,-4.137684404850006104e-02
1.342775815801256734e+01,-3.695251262185211827e-02,-3.648542612791061401e-02
2.245116974385970821e+01,3.092699793251208265e-02,3.226805478334426880e-02
1.429710599507038715e+01,-5.540392299245004704e-02,-5.464088171720504761e-02
2.512729471215216037e+01,-2.653300368535271153e-02,-2.503257431089878082e-02
9.185759675983442563e+00,-8.970480060586402682e-02,-8.950667083263397217e-02
1.274170655165970878e+01,8.989480513941005418e-03,9.639343246817588806e-03
1.099777384238106848e+01,5.329881396038228109e-02,5.377890169620513916e-02
1.868050442650048737e+01,-2.654546729929396776e-02,-2.588292397558689117e-02
1.703607538531882426e+01,4.443594403353464534e-02,4.494101554155349731e-02
5.488412850906203566e+00,4.094813323629792334e-02,4.033536463975906372e-02
6.823856817470929315e+00,7.814770756322758638e-02,7.816448062658309937e-02
5.048501897214293876e+00,-4.109817652469414245e-02,-4.189565032720565796e-02
1.974362256458926623e+01,-3.706700757584431571e-02,-3.616502135992050171e-02
1.264220288356272981e+01,1.630838299800512967e-02,1.696912012994289398e-02
1.088779610395809172e+01,4.716469742293058487e-02,4.763060063123703003e-02
1.432329117088538162e+01,-5.504096627192336250e-02,-5.427419394254684448e-02
1.796303060991963685e+00,1.062133709212909616e-01,1.055622324347496033e-01
1.912565241535539329e+01,-3.865032926780812006e-02,-3.765685111284255981e-02
1.179904022231990446e+01,6.290212837407148372e-02,6.334159523248672485e-02
2.530535390769412274e+01,-2.225040828404170265e-02,-2.110123075544834137e-02
2.005784467436920337e+01,-2.851441406568746423e-02,-2.753158845007419586e-02
2.196936250886380648e+01,3.568256304740574647e-02,3.652704507112503052e-02
1.948177080718932253e+00,3.082878821515229115e-02,3.023018501698970795e-02
6.237308879215048840e+00,1.023635338735268824e-01,1.021124944090843201e-01
1.061547027548214750e+01,2.784566547404102727e-02,2.823855541646480560e-02
8.766796862943529334e+00,-9.662625905238761415e-02,-9.648744761943817139e-02
1.744456412803274148e+01,3.248175228886693994e-02,3.305276483297348022e-02
9.473796609948383463e+00,-7.356816823102638181e-02,-7.328388094902038574e-02
1.504076498821623531e+01,-2.772788489331514533e-02,-2.712070383131504059e-02
2.062868150713608273e+01,-4.828190490500115784e-03,-3.550568595528602600e-03
2.504873918470717697e+01,-2.806639752635609400e-02,-2.645524777472019196e-02
1.181998836297190003e+01,6.232305859310894453e-02,6.276591867208480835e-02
2.149802934419390610e+01,2.905762887681239554e-02,2.968660555779933929e-02
8.651582089357551908e+00,-9.464804635087968598e-02,-9.449517726898193359e-02
8.436863647674595512e+00,-8.641192180776689769e-02,-8.622132241725921631e-02
1.534451302767017289e+01,-9.689916468003078806e-03,-9.082863107323646545e-03
1.677946066233187850e+01,4.686230614774047204e-02,4.740814119577407837e-02
2.058678522583209158e+01,-6.739977150796285475e-03,-5.458841100335121155e-03
6.891938274589914926e+00,7.216029631106742059e-02,7.219284772872924805e-02
4.409583607328425359e+00,-1.870678245924056182e-01,-1.879094690084457397e-01
2.278633999429164092e+01,2.167798544163378541e-02,2.305041812360286713e-02
3.226013660490669288e+00,-3.242099915194259774e-01,-3.248296678066253662e-01
8.520656210282579579e+00,-9.032118969303513933e-02,-9.014487266540527344e-02
5.394146218722222219e-01,7.832625417889425012e-01,7.826122641563415527e-01
1.088255906879509283e+01,4.684668959793427540e-02,4.731156677007675171e-02
2.020971869409617128e+01,-2.296173162853848079e-02,-2.186396159231662750e-02
2.484449481335021659e+01,-3.089739806901678834e-02,-2.915428020060062408e-02
4.765701999162352265e-01,8.126521968078626035e-01,8.120083212852478027e-01
6.886701239426915144e+00,7.263891913406778089e-02,7.267045974731445312e-02
1.831914900025356019e+01,-1.050160883128361915e-02,-9.824270382523536682e-03
1.750217151482572930e+01,3.014030956610881315e-02,3.073004446923732758e-02
6.734827219699947243e+00,8.515082451921898721e-02,8.514022082090377808e-02
1.376292840844449827e+01,-5.091820784345929551e-02,-5.037226527929306030e-02
7.190449278880852724e+00,4.088550400061908424e-02,4.094114899635314941e-02
1.859147482947950403e+00,7.443540555583183504e-02,7.380967587232589722e-02
1.469512066745830836e+01,-4.459293705782417516e-02,-4.387662559747695923e-02
2.381279888623943108e+01,-1.735239051556928050e-02,-1.679691113531589508e-02
2.471356893427524426e+01,-3.176603086269975257e-02,-3.005840815603733063e-02
2.408512471471537353e+01,-2.516893151663451844e-02,-2.434822358191013336e-02
1.081447761167610722e+01,4.250851607755234962e-02,4.295895248651504517e-02
1.821440829699358233e+01,-5.217480553507997283e-03,-4.515195265412330627e-03
7.661782443550756660e+00,-1.582535480606579725e-02,-1.573748327791690826e-02
2.388088034410841942e+00,-1.540962928966264356e-01,-1.546783000230789185e-01
1.047407032608117561e+01,1.593100706409315143e-02,1.628082804381847382e-02
2.389659144884741337e+01,-2.001583938797578052e-02,-1.940784789621829987e-02
3.964435618473517220e+00,-2.754241890431263773e-01,-2.762324213981628418e-01
2.036682974898613807e+01,-1.651528810647304168e-02,-1.530377008020877838e-02
5.079924108192287235e+00,-3.441611336118783476e-02,-3.520449995994567871e-02
3.524524664781607530e+00,-3.238683821384807371e-01,-3.245211839675903320e-01
7.588463951268771268e+00,-7.038791470366530419e-03,-6.964677944779396057e-03
7.431352896378803585e+00,1.209581305125809539e-02,1.215335540473461151e-02
1.142721072574697949e+01,6.632699867651969949e-02,6.677437573671340942e-02
2.141947381749892632e+00,-5.745100215628313328e-02,-5.803754925727844238e-02
9.945129774618285623e+00,-3.386515487376060007e-02,-3.356197476387023926e-02
1.711986794792680655e+01,4.273640967825085429e-02,4.324295371770858765e-02
2.131473311348894484e+01,2.369969070542613312e-02,2.442636154592037201e-02
1.235940298551079009e+00,4.124923954067627463e-01,4.118076860904693604e-01
9.688515051631339858e+00,-5.698006413329308184e-02,-5.666767060756683350e-02
2.289631773271461768e+01,1.786586002718512645e-02,1.916410587728023529e-02
1.738171970607675121e+01,3.487532672218594809e-02,3.542793542146682739e-02
1.430234303023338782e+01,-5.533554085021021723e-02,-5.457168072462081909e-02
1.696799392819983865e+01,4.549690429701959415e-02,4.600612074136734009e-02
1.366342474034751753e+01,-4.759894571068302993e-02,-4.709168523550033569e-02
2.738969390331769560e+00,-2.566856215693824605e-01,-2.572089731693267822e-01
2.047157045224611593e+01,-1.193585075510788206e-02,-1.067388989031314850e-02
2.019924462377017349e+01,-2.336852791415065106e-02,-2.227900363504886627e-02
4.624302049011380866e+00,-1.376691706715164054e-01,-1.385095119476318359e-01
1.619814975923899780e+01,3.613666444440940401e-02,3.690309077501296997e-02
1.353249886127254520e+01,-4.214154841102996790e-02,-4.166664928197860718e-02
6.452027320898005236e+00,9.998865474529018693e-02,9.985045343637466431e-02
1.965983000198128750e+01,-3.854312978837334119e-02,-3.761497884988784790e-02
7.923634201700702206e+00,-4.525910703241731170e-02,-4.510354250669479370e-02
8.195960030176646427e+00,-7.049622007009288815e-02,-7.029173523187637329e-02
1.103443308852206250e+01,5.510454759277087083e-02,5.558695644140243530e-02
2.047680748740911838e+01,-1.170258973898001542e-02,-1.043889857828617096e-02
4.922813054052320170e-01,8.053943942540517931e-01,8.047494888305664062e-01
1.531832785185517842e+01,-1.129939891587624680e-02,-1.069721020758152008e-02
2.352999898743748730e+01,-7.089791500405847637e-03,-6.496841087937355042e-03
5.420331393787217955e+00,3.012129942402207161e-02,2.947493083775043488e-02
2.545199089225809175e+01,-1.800403183683451508e-02,-1.720594801008701324e-02
2.256114748228268496e+01,2.834826815590117330e-02,2.974236570298671722e-02
2.061297040164708605e+01,-5.545871399149140783e-03,-4.266256466507911682e-03
8.929144952996495022e+00,-9.651216676349397283e-02,-9.637174010276794434e-02
1.448040222577535197e+01,-5.178773098415673931e-02,-5.102068930864334106e-02
1.113917379178204037e+01,5.957354389148437901e-02,6.005538254976272583e-02
1.836104528155755133e+01,-1.255693474667173883e-02,-1.189018227159976959e-02
2.365568783134946429e+01,-1.185502100143582919e-02,-1.131873764097690582e-02
1.335443966573058461e+01,-3.292542077137061707e-02,-3.245378285646438599e-02
1.492555021463025788e+01,-3.393424928515033356e-02,-3.329696506261825562e-02
2.385469516754342223e+01,-1.871010057125809672e-02,-1.813196577131748199e-02
1.121772931922702377e+01,6.223313947524673762e-02,6.270895153284072876e-02
2.605424993600296801e+01,3.029312449802307097e-03,3.371512517333030701e-03
5.745027573893150219e+00,7.430041286592915795e-02,7.381275296211242676e-02
2.411654692569336689e+01,-2.590180032941616015e-02,-2.503542043268680573e-02
9.698989121957335868e+00,-5.609436500863926311e-02,-5.578169971704483032e-02
1.920944497796337558e+01,-3.972978476342597237e-02,-3.869300335645675659e-02
4.959472299443311805e+00,-6.052824965808174806e-02,-6.134643405675888062e-02
2.234642904059973034e+01,3.290476431329503182e-02,3.416281193494796753e-02
1.011795193499725087e+01,-1.732697783864648247e-02,-1.703047938644886017e-02
8.300700733436624290e+00,-7.823569834875974960e-02,-7.803074270486831665e-02
7.337086263444822620e+00,2.354755520266963234e-02,2.360249496996402740e-02
2.205315507147179233e+01,3.568262782318113585e-02,3.661904484033584595e-02
7.022864153664887255e+00,5.931980870481160656e-02,5.937016755342483521e-02
8.096456362079667457e+00,-6.207055730664649829e-02,-6.187696754932403564e-02
2.435745054319131597e+01,-3.017649067464316104e-02,-2.891577221453189850e-02
1.654903111515992364e+01,4.527856593172856908e-02,4.590979963541030884e-02
2.305342878760458802e+01,1.196516608169481168e-02,1.310076378285884857e-02
1.990597065464223192e+01,-3.320248726262031019e-02,-3.229474276304244995e-02
1.706226056113381873e+01,4.395071147584674737e-02,4.445549100637435913e-02
8.457811788326592861e+00,-8.747116789365370904e-02,-8.728384971618652344e-02
3.147458133045685447e+00,-3.192126404167119347e-01,-3.198208212852478027e-01
7.808419428114725669e+00,-3.278084896506093526e-02,-3.265675902366638184e-02
1.586297950880706686e+01,2.092462536217857411e-02,2.169840596616268158e-02
8.237856311480637572e+00,-7.373668686279058471e-02,-7.353063672780990601e-02
2.395419883564039765e+01,-2.172069879550198382e-02,-2.106056548655033112e-02
4.210576271134466531e+00,-2.299038816691161280e-01,-2.307488769292831421e-01
9.180522640820443669e+00,-8.992008642668980478e-02,-8.972362428903579712e-02
1.489412800365226630e+01,-3.553721314524126845e-02,-3.488986939191818237e-02
3.074139640763700498e+00,-3.125379731177453380e-01,-3.131307065486907959e-01
1.056309992385215857e+01,2.355827949500494817e-02,2.393477968871593475e-02
1.057881102934115525e+01,2.486105564281763242e-02,2.524234168231487274e-02
2.100051100370901125e+01,1.177749821737659151e-02,1.280907355248928070e-02
2.403275436308538460e+01,-2.386410169965225495e-02,-2.311393059790134430e-02
1.387814318278047576e+00,3.270889958906993411e-01,3.263845741748809814e-01
1.742361598738074591e+01,3.329894829766652520e-02,3.386359661817550659e-02
2.074913331588506082e+01,6.752100296656509933e-04,1.911437138915061951e-03
2.394372476531440341e+01,-2.141881735724052507e-02,-2.076912857592105865e-02
1.015984821705124164e+00,5.355327994190902663e-01,5.348132848739624023e-01
2.096908879273101434e+01,1.044273201226150229e-02,1.150572858750820160e-02
1.936655603285334237e+01,-4.065054662533999774e-02,-3.960009664297103882e-02
5.367961042157228135e+00,2.127385526869244106e-02,2.060214988887310028e-02
1.776402327297567396e+01,1.806887294620737605e-02,1.874608360230922699e-02
2.355094712808948287e+01,-7.901729209915730329e-03,-7.322261109948158264e-03
1.899996357144341985e+01,-3.628260743370195079e-02,-3.538816422224044800e-02
9.756596508750323693e+00,-5.111896562558476687e-02,-5.080592632293701172e-02
3.288858082446656450e+00,-3.266351792614928251e-01,-3.272609710693359375e-01
9.159574500168446320e+00,-9.075084466198450606e-02,-9.056080132722854614e-02
2.235166607576272924e+01,3.281755251842617682e-02,3.408046811819076538e-02
1.980122995138225406e+01,-3.584229905315108877e-02,-3.494756668806076050e-02
3.875406021452535432e-01,8.525948807566913201e-01,8.519527912139892578e-01
6.834330887796926213e+00,7.726055966619212179e-02,7.728006690740585327e-02
1.762262332357470385e+01,2.484400693250032183e-02,2.547491155564785004e-02
6.383945863779019625e+00,1.016380701452875013e-01,1.014641225337982178e-01
1.472130584327330283e+01,-4.352078707631921312e-02,-4.281330853700637817e-02
3.555946875759601333e+00,-3.221591500631834637e-01,-3.228189647197723389e-01
1.848673412546952477e+01,-1.845823217915470646e-02,-1.781609095633029938e-02
1.988502251399023990e+01,-3.377144826290931490e-02,-3.286910802125930786e-02
1.381529876007448721e+01,-5.236311010393237403e-02,-5.179332941770553589e-02
1.008129268885625862e+01,-2.085635077995415948e-02,-2.055964805185794830e-02
2.611709435795895473e+01,5.269674525360032620e-03,5.821553990244865417e-03
1.194044017247087641e+00,4.360742588432772737e-01,4.353883862495422363e-01
1.863860814519649622e+01,-2.491790648684990422e-02,-2.426811493933200836e-02
1.560112775065712043e+01,6.030245511338350184e-03,6.719132885336875916e-03
1.945034859546132822e+01,-4.055071034633035004e-02,-3.952536731958389282e-02
6.949545661382902750e+00,6.670995707061290469e-02,6.675232201814651489e-02
1.213421047275183540e+01,4.936085599841655291e-02,4.989949613809585571e-02
2.033540753800814471e+01,-1.785078438420002050e-02,-1.665920950472354889e-02
2.074389628072206193e+01,4.367500888679251895e-04,1.675641164183616638e-03
8.798219074671522755e-01,6.098603606872651239e-01,6.091244816780090332e-01
1.326541006795960165e+01,-2.764332257519763053e-02,-2.715621329843997955e-02
7.609412091920767729e+00,-9.564196667259324686e-03,-9.486543014645576477e-03
2.278110295987864298e+00,-1.132408525682326583e-01,-1.138322427868843079e-01
2.031969643326914987e+00,-8.533631810999102799e-03,-9.119907394051551819e-03
1.317638047018862046e+01,-2.198290854483755247e-02,-2.147140540182590485e-02
6.923360485567908285e+00,6.922866197276715539e-02,6.926692277193069458e-02
1.225466228225081000e+00,4.183901708332997127e-01,4.177053868770599365e-01
1.278360283296370170e+01,5.892905262556321667e-03,6.534447893500328064e-03
1.236987705508678737e+01,3.533753279093209548e-02,3.596126288175582886e-02
1.070449987325312868e+01,3.474587081500912084e-02,3.516643494367599487e-02
1.440708373349336568e+01,-5.353117045908559191e-02,-5.275974422693252563e-02
1.912041538019239795e+01,-3.856944967952868203e-02,-3.757935017347335815e-02
2.561957601747405633e+01,-1.254306089818923477e-02,-1.213271357119083405e-02
2.003689653371720425e+01,-2.921656120861159528e-02,-2.824735082685947418e-02
1.804158613661461885e+01,3.774381216610857119e-03,4.496445879340171814e-03
1.534975006283317178e+01,-9.367533731275851441e-03,-8.759284391999244690e-03
2.237261421641472481e+01,3.245619880606171598e-02,3.373753279447555542e-02
1.274694358682270945e+01,8.602534420422188605e-03,9.251451119780540466e-03
3.639739438367584068e+00,-3.161659042967475686e-01,-3.168502449989318848e-01
2.135662939479293598e+01,2.504380452085148284e-02,2.574028633534908295e-02
2.222597723185075580e+01,3.455566746187225396e-02,3.569038957357406616e-02
1.826677864862357126e+01,-7.882576971343683084e-03,-7.192129269242286682e-03
2.480259853204622544e+01,-3.125848493905591247e-02,-2.951691485941410065e-02
1.885856362204244974e+01,-3.259444342775245224e-02,-3.182395547628402710e-02
9.918944598803291157e+00,-3.632969198640868119e-02,-3.602474182844161987e-02
9.646618770327346937e+00,-6.045949858400150034e-02,-6.014938652515411377e-02
8.012663800221684340e-01,6.516834540356187810e-01,6.509573459625244141e-01
1.932989678671235367e+01,-4.056513812137465397e-02,-3.951000422239303589e-02
1.187759574976488786e+01,6.053401698092208960e-02,6.098847836256027222e-02
2.610138325246995805e+01,4.712916506405187902e-03,5.205234512686729431e-03
1.916754869740938672e+00,4.601943529134823463e-02,4.541278630495071411e-02
2.744206425494768453e+00,-2.578799522153293333e-01,-2.584033608436584473e-01
1.874334884845647409e+01,-2.884678322111788873e-02,-2.815569378435611725e-02
1.913612648568139463e+01,-3.880738252785993075e-02,-3.780721873044967651e-02
1.791066025753964652e+01,1.061274347551017377e-02,1.132441125810146332e-02
8.955330128811489487e+00,-9.618116604652032775e-02,-9.603773802518844604e-02
1.350107665029455362e+01,-4.065812882790949961e-02,-4.018741101026535034e-02
1.607769795049002326e+01,3.130246527336404128e-02,3.208989650011062622e-02
2.316340652602756123e+01,7.618674255067257872e-03,8.616482838988304138e-03
7.949819377515696672e+00,-4.796531935314647666e-02,-4.780296236276626587e-02
4.545746521566397469e+00,-1.559500227638619951e-01,-1.567900627851486206e-01
2.359284340939347402e+01,-9.505796068475985683e-03,-8.948663249611854553e-03
6.876227169100918246e+00,7.358738407447652785e-02,7.361671328544616699e-02
1.063641841613414307e+01,2.951495740785122640e-02,2.991450391709804535e-02
1.663806071293090838e+01,4.631820022047059698e-02,4.691264778375625610e-02
2.272349557233565420e+01,2.370717521637542499e-02,2.510391734540462494e-02
2.618517582332794413e-01,9.053288088073860873e-01,9.047078490257263184e-01
2.660413862886785274e+00,-2.375568286320388078e-01,-2.380840778350830078e-01
6.006879332043096653e+00,9.521243885094460291e-02,9.484727680683135986e-02
1.211326233209983982e+01,5.045119081435395919e-02,5.098161846399307251e-02
1.940321527899433818e+01,-4.065725364972840039e-02,-3.961556404829025269e-02
1.012842600532324866e+01,-1.631850841879338432e-02,-1.602200604975223541e-02
4.503850240262406324e+00,-1.656245541727291160e-01,-1.664646118879318237e-01
1.634478674380296681e+01,4.090103172029235790e-02,4.161923378705978394e-02
1.512979458598721649e+01,-2.263685961938556243e-02,-2.204276062548160553e-02
1.486794282783727184e+01,-3.684020494296889187e-02,-3.618413954973220825e-02
2.181225145397383969e+01,3.470753702709732796e-02,3.541129082441329956e-02
1.385195800621547946e+01,-5.324747372232632725e-02,-5.266015976667404175e-02
3.922539337169525631e+00,-2.820685941497383942e-01,-2.828633487224578857e-01
3.697346825160572337e+00,-3.108844654903992200e-01,-3.115897774696350098e-01
1.450658740234034738e+00,2.919949465717571191e-01,2.912794351577758789e-01
8.065034151851673272e-01,6.489237366238906901e-01,6.481963992118835449e-01
8.955330129561489549e-01,6.013929672810933713e-01,6.006568670272827148e-01
2.723258284842772881e+00,-2.530417479966273198e-01,-2.535650134086608887e-01
5.210849987267260452e+00,-7.751552108996034515e-03,-8.493406698107719421e-03
2.525298355606413381e+01,-2.361822954013119771e-02,-2.235382236540317535e-02
9.321922590971414291e-01,5.815162554630871616e-01,5.807824134826660156e-01
7.509908423823786983e+00,2.503839106936533304e-03,2.567583695054054260e-03
1.686325322493986079e+01,4.654628655537234455e-02,4.707143455743789673e-02
2.339907310836251497e+01,-1.900872236906375875e-03,-1.192236319184303284e-03
9.589011383534359112e+00,-6.506498103582103454e-02,-6.476036459207534790e-02
5.195138881778263773e+00,-1.084207026635635937e-02,-1.159013248980045319e-02
5.813109031012136718e+00,8.104650307903529804e-02,8.059088140726089478e-02
1.997405211176122108e+01,-3.121934568548161495e-02,-3.028521873056888580e-02
1.010747786542125271e+00,5.384265324672891095e-01,5.377057790756225586e-01
1.111822565113004302e+01,5.876308114030571322e-02,5.924575775861740112e-02
2.567718340426704415e+01,-1.055444599812468964e-02,-1.025461591780185699e-02
2.040348899512713032e+01,-1.493303822610088719e-02,-1.370077766478061676e-02
2.283347331075863096e+01,2.008213105947484478e-02,2.142747305333614349e-02
1.345918036974056209e+00,3.505937830963569701e-01,3.498972058296203613e-01
6.546293954581985375e-01,7.270417688469810180e-01,7.263615131378173828e-01
1.428139488958139047e+01,-5.559637448579022451e-02,-5.483602732419967651e-02
1.785305287074665515e+01,1.357961499524901888e-02,1.428010128438472748e-02
1.302974348562464968e+01,-1.199532096391264270e-02,-1.143235899507999420e-02
1.358486921290253413e+01,-4.446756658098766080e-02,-4.398255795240402222e-02
2.120475537506596453e+01,1.986883942772621481e-02,2.069159410893917084e-02
1.411380976436542589e+01,-5.644146949176206268e-02,-5.573075264692306519e-02
7.886974955559709066e+00,-4.138544705702835308e-02,-4.123982042074203491e-02
4.996131545584304945e+00,-5.244459268882593200e-02,-5.325517058372497559e-02
1.382053579523748787e+01,-5.249589543254129520e-02,-5.192368477582931519e-02
1.357439514257653634e+01,-4.401729245858621714e-02,-4.353467375040054321e-02
2.348286567097049726e+01,-5.241994219086654021e-03,-4.613259807229042053e-03
7.415641790889806018e+00,1.401243726297301227e-02,1.406923122704029083e-02
1.181475132780890114e+01,6.247145055150996745e-02,6.291335076093673706e-02
2.522156134508614045e+01,-2.439718922792554270e-02,-2.306785620748996735e-02
2.007879281502119895e+01,-2.779577769147192207e-02,-2.679849602282047272e-02
1.023316670858322652e+01,-6.272471210614413879e-03,-5.970278754830360413e-03
1.038504072831019620e+01,7.944281951031625932e-03,8.271401748061180115e-03
2.320530280733155237e+01,5.934845177403417701e-03,6.878277286887168884e-03
1.090350720944708840e+01,4.810492244125716410e-02,4.857350885868072510e-02
5.823583101338134504e+00,8.200337077626168591e-02,8.155261725187301636e-02
8.054560080775674535e+00,-5.823407706377035919e-02,-5.804785341024398804e-02
2.280728813494363649e+01,2.097615874423356536e-02,2.233753167092800140e-02
1.720366051053479239e+01,4.062261282694763775e-02,4.113755375146865845e-02
2.110525170696898911e+01,1.606667240248076112e-02,1.698981784284114838e-02
1.997928914692421998e+01,-3.105858352637306044e-02,-3.012193180620670319e-02
5.566968378351186963e+00,5.244457840568250012e-02,5.187067389488220215e-02
2.197459954402680893e+01,3.569315955198933826e-02,3.654316812753677368e-02
2.600711661953597797e+01,1.329849759201933443e-03,1.562213525176048279e-03
2.979873007829719977e+00,-3.010550620029288638e-01,-3.016229271888732910e-01
1.707273463220981835e+00,1.524764314301277346e-01,1.517887860536575317e-01
7.378982544748814654e+00,1.847459425725139076e-02,1.853022910654544830e-02
2.017305944795517902e+01,-2.437110743454361586e-02,-2.330237068235874176e-02
7.567515810616775696e+00,-4.503788295650551672e-03,-4.432855173945426941e-03
2.223645130217675359e+01,3.443965538787917280e-02,3.558593243360519409e-02
6.336812547312028698e+00,1.023007908495797563e-01,1.021018847823143005e-01
3.629265368041586282e+00,-3.170264274907313995e-01,-3.177072703838348389e-01
2.199031064951580561e+01,3.571646244940002851e-02,3.658319264650344849e-02
2.219455502087276244e+01,3.487150292304064952e-02,3.597085922956466675e-02
1.966506703714428284e+01,-3.846176828861547908e-02,-3.753567487001419067e-02
1.728221604622977581e-01,9.399050756413332985e-01,9.393298625946044922e-01
1.994786693594622662e+01,-3.200582664684055445e-02,-3.108344413340091705e-02
6.389182898942017630e+00,1.015399428040918844e-01,1.013688147068023682e-01
1.047407032683117745e+00,5.181226872505062531e-01,5.174104571342468262e-01
5.069450037866289449e+00,-3.663239578069486108e-02,-3.742390871047973633e-02
2.226263647799174805e+01,3.412636588707893687e-02,3.530093282461166382e-02
1.296689906366866474e+01,-7.522200090233330944e-03,-6.936201825737953186e-03
1.618243865450000207e+00,1.999923078603502158e-01,1.992783695459365845e-01
2.613804249861095030e+01,6.008023628579634880e-03,6.647137925028800964e-03
1.017555932179023870e+01,-1.178565307554446662e-02,-1.148765720427036285e-02
3.032243359459709353e+00,-3.078399242734430885e-01,-3.084219694137573242e-01
9.641381735164349820e+00,-6.088699988950117825e-02,-6.057728826999664307e-02
2.606472400632896580e+01,3.405005161504373688e-03,3.777047619223594666e-03
3.833509739398544003e+00,-2.949197836522432503e-01,-2.956808209419250488e-01
8.824404249736515382e+00,-9.697162059472519413e-02,-9.683553129434585571e-02
1.444898001479735683e+01,-5.258206303987440072e-02,-5.181217938661575317e-02
2.427889501574633258e+01,-2.905360377799530783e-02,-2.792499400675296783e-02
1.935608196252734814e+01,-4.063418368918437357e-02,-3.958190232515335083e-02
8.855826460714510517e+00,-9.698027234598537161e-02,-9.684413671493530273e-02
1.217610675405582654e+01,4.709589935970696223e-02,4.765076190233230591e-02
2.212123652859077794e+01,3.541798820772117801e-02,3.643291443586349487e-02
9.908470528477293371e+00,-3.731065544404281453e-02,-3.700507432222366333e-02
2.604377586567697023e+01,2.652836322051636223e-03,2.967333421111106873e-03
3.959198583310517883e+00,-2.762745461539477532e-01,-2.770811915397644043e-01
1.549638704739714257e+01,-3.333274338926357576e-04,3.169383853673934937e-04
1.942940045480933264e+01,-4.061401194319978064e-02,-3.958082944154739380e-02
1.693657171722184529e+01,4.588687452518515342e-02,4.639966040849685669e-02
2.822761952939752295e+00,-2.745727750311316440e-01,-2.751036584377288818e-01
1.598866835271904030e+01,2.725016768644121512e-02,2.803996764123439789e-02
1.677422362716887960e+01,4.686636768770526679e-02,4.741369932889938354e-02
8.986752339789482846e+00,-9.567170957454619595e-02,-9.552359580993652344e-02
1.835057121123155355e+01,-1.204674335163331660e-02,-1.137737371027469635e-02
1.874858588361946943e+01,-2.903065826100494767e-02,-2.833663858473300934e-02
1.850768226612152034e+01,-1.939694742640567585e-02,-1.875675655901432037e-02
1.781115658944266400e+01,1.570915969978167737e-02,1.639944873750209808e-02
2.232548089994773477e+01,3.324098409551951711e-02,3.447929769754409790e-02
1.028030002505021656e+01,-1.800054063126116030e-03,-1.492166891694068909e-03
2.612233139312195362e+01,5.454704178397196644e-03,6.027517840266227722e-03
1.853910447709951370e+01,-2.077797558374173958e-02,-2.013924159109592438e-02
7.462775107356796056e+00,8.258675370640717814e-03,8.318250998854637146e-03
7.106656716272871321e+00,5.033709167260976003e-02,5.039194226264953613e-02
2.019400758860717460e+01,-2.357070754372352084e-02,-2.248541451990604401e-02
1.067307766227513710e+01,3.236958435369174936e-02,3.278060257434844971e-02
1.795779357400663301e+01,8.161005243991156094e-03,8.878832682967185974e-03
5.980694156228102187e+00,9.373623644818085410e-02,9.335880726575851440e-02
2.379185074558743196e+01,-1.665505457709653622e-02,-1.610813476145267487e-02
2.574526486138603332e+01,-8.151770503539202545e-03,-7.956201210618019104e-03
2.451979863324428166e+01,-3.162162427805147863e-02,-3.011066652834415436e-02
1.991644472496822971e+01,-3.291058750821160978e-02,-3.199968487024307251e-02
2.576621300278802540e+00,-2.146698727773029280e-01,-2.152112871408462524e-01
1.589440171978505845e+01,2.256653987679644452e-02,2.334631048142910004e-02
4.393872501839428679e+00,-1.905852337099302463e-01,-1.914272457361221313e-01
4.231524411786462103e+00,-2.256002799968840900e-01,-2.264455258846282959e-01
3.194591450262675991e-01,8.817114617415999778e-01,8.810752630233764648e-01
2.258209562293468409e+01,2.780266055066566572e-02,2.920243702828884125e-02
1.884285251655345306e+01,-3.212114034358046211e-02,-3.136312216520309448e-02
1.775878623781267507e+01,1.832838939922233276e-02,1.900396309792995453e-02
2.116285909376197338e+01,1.830379931869404939e-02,1.916780136525630951e-02
1.113393675661904147e+01,5.937488737545949802e-02,5.985688418149948120e-02
2.314769542128856994e+00,-1.272921557427293959e-01,-1.278820782899856567e-01
9.929418669129288944e+00,-3.534587869994529341e-02,-3.504161536693572998e-02
4.865205666509331728e+00,-8.175999197866326562e-02,-8.259202539920806885e-02
9.987026055922276768e+00,-2.989090481565005730e-02,-2.959043718874454498e-02
2.534725018899811388e+01,-2.109686793746750819e-02,-2.004493214190006256e-02
1.522929825408419724e+01,-1.672310034655991734e-02,-1.613088883459568024e-02
1.987978547882723745e+01,-3.391056061306327307e-02,-3.300938755273818970e-02
2.791339741961758492e+00,-2.681710849915194261e-01,-2.686977386474609375e-01
1.378387654909649562e+01,-5.152159481571758765e-02,-5.096637457609176636e-02
1.842388970351354160e+01,-1.556173086043183447e-02,-1.490927673876285553e-02
1.509313533984622424e+01,-2.475982394018024640e-02,-2.416152693331241608e-02
2.068628889467907239e+00,-2.519982911916405707e-02,-2.578462846577167511e-02
4.530035416077400789e+00,-1.595859669355900734e-01,-1.604259461164474487e-01
2.329956944026553600e+01,2.120338916296355455e-03,2.943685278296470642e-03
2.333099165124352936e+01,8.473021426719926823e-04,1.632591709494590759e-03
1.979075588105625982e+01,-3.607732712978779788e-02,-3.518190234899520874e-02
1.439137262800436901e+01,-5.385410318048142186e-02,-5.308271199464797974e-02
3.624028332878586944e+00,-3.174449573081500886e-01,-3.181240856647491455e-01
7.452301037030799158e+00,9.538052334870240900e-03,9.596871212124824524e-03
2.275491778331364756e+01,2.270731144412531377e-02,2.409367822110652924e-02
5.106109284007282589e+00,-2.892582444983593862e-02,-2.970604784786701202e-02
6.368234758290022057e+00,1.019032293797700189e-01,1.017210260033607483e-01
3.466917277988619261e+00,-3.262099698986892782e-01,-3.268525600433349609e-01
1.223895117601181326e+01,4.350007915076065101e-02,4.407913237810134888e-02
7.347560333770821295e+00,2.228267297946333672e-02,2.233774028718471527e-02
3.870168985539536699e+00,-2.898450110301331595e-01,-2.906206250190734863e-01
2.111048874213198445e+01,1.627389799161590642e-02,1.719160936772823334e-02
1.177285504650490999e+01,6.357112375984230734e-02,6.400705128908157349e-02
2.470833189911224537e+01,-3.178474555769188886e-02,-3.008041717112064362e-02
1.480509840588128334e+01,-3.983709394773027324e-02,-3.915909677743911743e-02
2.602282772502497465e+01,1.897768882904578205e-03,2.162402495741844177e-03
1.770117885101969080e+01,2.114290565688857829e-02,2.180046401917934418e-02
1.908899316921440104e+01,-3.805138083958917866e-02,-3.708349913358688354e-02
1.419236529181040929e+01,-5.632283092363483956e-02,-5.558434873819351196e-02
2.230976979520874259e+00,-9.455858976069989041e-02,-9.514955431222915649e-02
1.617720161858700223e+01,3.535294659979996978e-02,3.612434118986129761e-02
1.488365393332626851e+01,-3.606207839199322002e-02,-3.541135042905807495e-02
1.268409916486672273e+01,1.323710616684783785e-02,1.389489136636257172e-02
1.013890007564924467e+01,-1.531028581499494987e-02,-1.501356996595859528e-02
1.321827675149261161e+01,-2.469007770607851635e-02,-2.419112063944339752e-02
1.025411484923522210e+01,-4.279540232224147110e-03,-3.974968567490577698e-03
2.466643561855825340e+00,-1.808292486936733945e-01,-1.813960522413253784e-01
2.403799139824838349e+01,-2.399917105108081983e-02,-2.324225939810276031e-02
2.570860561524504107e+01,-9.451709418109804570e-03,-9.204069152474403381e-03
4.320554009557444175e+00,-2.067277589197510090e-01,-2.075719386339187622e-01
6.719116114210949675e+00,8.628169005893830679e-02,8.626543730497360229e-02
6.022590437532093333e+00,9.603249028212941518e-02,9.567484259605407715e-02
8.562552491586570724e+00,-9.194450329328333893e-02,-9.177598357200622559e-02
2.517442802861914686e+01,-2.550385072976285583e-02,-2.408424951136112213e-02
1.352202479094654741e+01,-4.165426318509497100e-02,-4.118097573518753052e-02
2.511158360666316014e+01,-2.685820439182946481e-02,-2.533319033682346344e-02
2.518490209894514820e+01,-2.526449344355204477e-02,-2.386415936052799225e-02
1.310306197790663596e+01,-1.707937852493640260e-02,-1.654323376715183258e-02
1.171001062454892150e+01,6.492276707597638419e-02,6.535301357507705688e-02
6.907649380078910717e+00,7.070716443912018756e-02,7.074266672134399414e-02
9.782781684565319935e+00,-4.880368002759223611e-02,-4.849117994308471680e-02
1.042693700961418735e+01,1.174239625099468554e-02,1.207960210740566254e-02
6.122094105629073191e+00,1.000881601899506340e-01,9.977873414754867554e-02
1.654379407999692830e+01,4.520073432955738074e-02,4.583429545164108276e-02
2.547817606807308621e+01,-1.718855190428432780e-02,-1.645443774759769440e-02
3.849220844887540682e+00,-2.927831157458182787e-01,-2.935504913330078125e-01
6.651034657841963238e-01,7.217917488870626563e-01,7.211079597473144531e-01
2.377613964009843883e+01,-1.612430815433189835e-02,-1.558276452124118805e-02
1.110251454639104907e+00,4.830914291470115862e-01,4.823934435844421387e-01
1.451706147191634422e+01,-5.077371682024123256e-02,-5.001176148653030396e-02
2.291202883820361436e+01,1.729735307442141490e-02,1.858202181756496429e-02
4.629539084174380648e+00,-1.364465314388804418e-01,-1.372869759798049927e-01
1.324969896322060636e+00,3.623688778448568293e-01,3.616758584976196289e-01
1.019650746244223427e+01,-9.776282531630837297e-03,-9.477043524384498596e-03
8.028374904960680070e+00,-5.575483692910274819e-02,-5.557391047477722168e-02
2.180177738364784545e+01,3.459752851751265318e-02,3.529400378465652466e-02
1.834533417606855465e+01,-1.179071327993956586e-02,-1.112006045877933502e-02
2.516395395829314907e+01,-2.573937952232242463e-02,-2.430100180208683014e-02
3.131747027556688323e+00,-3.179470124804474329e-01,-3.185522556304931641e-01
2.615899063926294588e+01,6.741387673110303333e-03,7.476864382624626160e-03
2.467690968813425201e+01,-3.187080271790175556e-02,-3.018849529325962067e-02
1.626099418119498452e+01,3.833621132345741561e-02,3.908435255289077759e-02
2.037206678489913880e+00,-1.093584867334408857e-02,-1.152177341282367706e-02
1.049501846673317296e+01,1.776094768082523909e-02,1.811671815812587738e-02
2.289108069755161878e+01,1.805413502432063819e-02,1.935676299035549164e-02
2.415320617183435914e+01,-2.670786317001431348e-02,-2.578552998602390289e-02
1.622433493505399227e+01,3.708111023915912352e-02,3.784043341875076294e-02
1.522406121892119657e+01,-1.703892892170526252e-02,-1.644698716700077057e-02
1.798397874982162747e+01,6.792640457895134966e-03,7.512813434004783630e-03
9.264315203428425960e+00,-8.612008000512978712e-02,-8.589672297239303589e-02
2.418986541797535139e+01,-2.745988732163818016e-02,-2.647926844656467438e-02
7.227108525771845926e-01,6.925363669719296622e-01,6.918326020240783691e-01
2.288584366313862084e+00,-1.172988303139749361e-01,-1.178899332880973816e-01
1.941892638448333130e+01,-4.063610121301920036e-02,-3.959938138723373413e-02
2.110525170771898829e+00,-4.380992109849242422e-02,-4.439523071050643921e-02
2.205839210663479122e+01,3.567065910014244334e-02,3.661309927701950073e-02
2.307961396341958249e+01,1.094260936423488775e-02,1.204653643071651459e-02
1.354297293159854298e+01,-4.262155773604523606e-02,-4.214497655630111694e-02
2.103717024984999995e+01,1.330834355661522118e-02,1.430242322385311127e-02
2.409559878504137131e+01,-2.541746218072427413e-02,-2.458179928362369537e-02
3.676398684508576764e+00,-3.129110418217396772e-01,-3.136083483695983887e-01
2.402751732792238570e+01,-2.372803074007264618e-02,-2.298443950712680817e-02
1.675851252992988372e-01,9.418642113359619872e-01,9.412922859191894531e-01
1.408762458930043371e+00,3.153659267184982795e-01,3.146575689315795898e-01
9.112441184451457454e-01,5.928942818442791696e-01,5.921588540077209473e-01
2.167085150457287313e+01,3.275682784131279945e-02,3.338814526796340942e-02
6.279205160519040874e+00,1.025617311825636480e-01,1.023325622081756592e-01
1.983265216236025097e+01,-3.510499269070471023e-02,-3.420997411012649536e-02
1.529214267604018396e+01,-1.290366358051781709e-02,-1.230553723871707916e-02
2.255067341195669073e+01,2.861475404574830711e-02,3.000552020967006683e-02
1.326017303279660275e+01,-2.732026887435853174e-02,-2.683197893202304840e-02
1.425520971376639601e+01,-5.587457356122106644e-02,-5.511956661939620972e-02
2.159229597712788618e+01,3.124866216980810157e-02,3.186678141355514526e-02
4.252472552438457676e+00,-2.212415566042046366e-01,-2.220868915319442749e-01
2.442029496514730624e+01,-3.087764273191011613e-02,-2.951447106897830963e-02
2.014687427214018456e+01,-2.535226936112429039e-02,-2.430410124361515045e-02
5.802634960686138932e+00,8.006795526262633356e-02,7.960750907659530640e-02
5.844531241990130077e+00,8.385191632318396426e-02,8.341090381145477295e-02
5.839294206827131184e+00,8.339793949126807215e-02,8.295457810163497925e-02
5.221324057593258239e+00,-5.709006345537371262e-03,-6.446490064263343811e-03
1.433900227637438007e+01,-5.479806092247935939e-02,-5.402957648038864136e-02
1.250080293416175969e+01,2.645109195744224304e-02,2.710427902638912201e-02
2.461406527442826786e-01,9.116025879304086033e-01,9.109877347946166992e-01
3.843983809724542233e+00,-2.935017728000446358e-01,-2.942670285701751709e-01
8.353071085066614998e+00,-8.164072709587513743e-02,-8.143948763608932495e-02
1.944511156029832932e+01,-4.056892253479441740e-02,-3.954150527715682983e-02
2.244593270869671287e+01,3.103730801299259268e-02,3.237488120794296265e-02
2.184367366495183660e+01,3.500399163357733462e-02,3.573156148195266724e-02
5.676946116774164608e+00,6.665250476952838676e-02,6.613238900899887085e-02
1.417141715115841549e+01,-5.640273190946470255e-02,-5.567096918821334839e-02
1.901043764176941764e+01,-3.651345781121723838e-02,-3.560986369848251343e-02
9.568063242882363539e+00,-6.668430495832050608e-02,-6.638250499963760376e-02
4.378161396350432000e+00,-1.940834668158313292e-01,-1.949259638786315918e-01
2.575050189654902866e+01,-7.965024258556370126e-03,-7.776031270623207092e-03
5.326064760853236990e+00,1.388595862832556552e-02,1.319445483386516571e-02
1.910994130986640016e+01,-3.840299618662861708e-02,-3.741999715566635132e-02
1.077781836553511496e+01,4.002082332347284277e-02,4.046209901571273804e-02
4.168679989830475385e+00,-2.383349256995803411e-01,-2.391782552003860474e-01
1.989549658431623769e+01,-3.348945764422581878e-02,-3.258455544710159302e-02
2.287013255689962321e+01,1.880089316779466613e-02,2.012020908296108246e-02
2.437839868384331510e+01,-3.042988818480501026e-02,-2.913447655737400055e-02
1.717747533471979793e+01,4.132622281366804540e-02,4.183781892061233521e-02
7.426115861215804692e+00,1.273489321789328041e-02,1.279219426214694977e-02
1.984836326859924505e+00,1.339714351063620718e-02,1.280555687844753265e-02
4.634776119337379541e+00,-1.352236333187203376e-01,-1.360640376806259155e-01
2.166561446940987068e+01,3.266553493358011206e-02,3.329535573720932007e-02
2.594427219757999126e+01,-9.514720970267392637e-04,-8.090678602457046509e-04
1.035885555249520174e+01,5.538710951960477968e-03,5.860185250639915466e-03
1.097158866656607401e+01,5.193453893732606630e-02,5.241232365369796753e-02
1.096111459624007622e+01,5.137170973741689295e-02,5.184834450483322144e-02
1.994262990078322417e+01,-3.215960926852029500e-02,-3.123935498297214508e-02
1.946605970095032490e+01,-4.048654868273936919e-02,-3.946767002344131470e-02
5.504123956395200246e+00,4.333441617165575271e-02,4.272942990064620972e-02
2.298011029532259997e+01,1.477459983339977564e-02,1.599294506013393402e-02
1.891093397367243867e+01,-3.408218174370712672e-02,-3.326719254255294800e-02
1.386766911170447614e+01,-5.359410053203351315e-02,-5.299910157918930054e-02
3.540235770270604210e+00,-3.230512992615168222e-01,-3.237073719501495361e-01
2.528440576704212717e+01,-2.280769813702851478e-02,-2.161140181124210358e-02
6.755775360351942815e+00,8.359262489865670887e-02,8.358917385339736938e-02
1.832962307882955999e-01,9.359615579296277632e-01,9.353798627853393555e-01
4.241998482862460174e-01,8.363968641398721315e-01,8.357542753219604492e-01
2.843710093591747867e+00,-2.786360569760327199e-01,-2.791705131530761719e-01
1.348536554480555694e+01,-3.989242593964689026e-02,-3.942316025495529175e-02
1.903138578242141321e+01,-3.695710022304696252e-02,-3.603535145521163940e-02
1.931942271638635589e+01,-4.052625765064410412e-02,-3.947062045335769653e-02
1.711463091276380766e+01,4.285500902122690858e-02,4.336125403642654419e-02
2.527916873187912827e+01,-2.294492761637230774e-02,-2.173706330358982086e-02
5.467464710254207994e+00,3.770021669731826730e-02,3.707705438137054443e-02
1.093492942042508176e+01,4.992242113031723771e-02,5.039580166339874268e-02
1.802587503112561862e+01,4.598050833387400116e-03,5.320077762007713318e-03
5.237035163082254918e+00,-2.672417841691687983e-03,-3.403322771191596985e-03
7.289952946977832582e+00,2.920430647999059867e-02,2.925926260650157928e-02
8.719663546476537519e+00,-9.602481890388819830e-02,-9.588142484426498413e-02
9.719937262609333217e+00,-5.430498434059434498e-02,-5.399186909198760986e-02
2.020448165893317238e+01,-2.316553313986845913e-02,-2.207183279097080231e-02
1.770117885176968775e+00,1.196764714713974831e-01,1.190142109990119934e-01
9.049596761745471341e+00,-9.429104906430026134e-02,-9.413059800863265991e-02
2.112096281245798579e+01,1.668610029763155367e-02,1.759295724332332611e-02
2.278110295912864203e+01,2.185152089717387267e-02,2.322652004659175873e-02
1.413999494018042036e+01,-5.645686457209379838e-02,-5.573611706495285034e-02
1.221276600019681879e+01,4.502612263489284838e-02,4.559522122144699097e-02
6.546293953831985313e+00,9.641245676863643976e-02,9.632185846567153931e-02
2.230453275929573920e+01,3.355681410653224561e-02,3.477468341588973999e-02
2.274968074815064867e+01,2.287604242235522639e-02,2.426432631909847260e-02
6.771486465840938607e+00,8.238698457463443370e-02,8.238858729600906372e-02
1.063118138172114424e+00,5.093892109305475646e-01,5.086805820465087891e-01
2.003165949855420891e+01,-2.938946544235447947e-02,-2.842346765100955963e-02
2.084339994956904363e+00,-3.223415171145702779e-02,-3.281898051500320435e-02
1.937703011142934417e-01,9.319845174827625645e-01,9.313965439796447754e-01
2.351952491711148951e+01,-6.681564768281072521e-03,-6.081247702240943909e-03
9.955603844944283409e+00,-3.287489624009839323e-02,-3.257241100072860718e-02
1.728221603872977408e+00,1.414696978506832792e-01,1.407901942729949951e-01
1.573729066489509165e+01,1.401145482239256855e-02,1.475015841424465179e-02
1.686849026010285968e+01,4.651094525669055568e-02,4.703501611948013306e-02
1.482080951212028097e+00,2.745454198691075764e-01,2.738258242607116699e-01
1.552257222321213703e+01,1.269675228305180807e-03,1.929214224219322205e-03
1.052120364254816742e+01,2.001878280099876964e-02,2.038243226706981659e-02
1.613006830287001314e+00,2.028213517282577427e-01,2.021064311265945435e-01
1.266315102421472538e+01,1.477524539907011485e-02,1.543492637574672699e-02
2.185414773527783439e+01,3.509158578669906853e-02,3.582758456468582153e-02
2.053965190936510510e+01,-8.879600603438821127e-03,-7.601255550980567932e-03
5.472701745417206887e+00,3.851923747438691648e-02,3.789859265089035034e-02
1.438613559284137189e+01,-5.395770329465439386e-02,-5.318640917539596558e-02
5.891664558457120116e+00,8.769221943252776541e-02,8.727315068244934082e-02
2.563005008780005411e+01,-1.218500630243933916e-02,-1.179596222937107086e-02
1.743409005770674014e+01,3.289270983213891247e-02,3.346062451601028442e-02
2.639465722234790146e+00,-2.320737015678680792e-01,-2.326036840677261353e-01
1.654903111590992681e+00,1.802902240298663861e-01,1.795852631330490112e-01
2.550436124463808074e+00,-2.069996846674460877e-01,-2.075467854738235474e-01
1.363200252936952594e+01,-4.639910303871473685e-02,-4.590166360139846802e-02
1.587869061429606177e+01,2.175031946777453845e-02,2.252728305757045746e-02
1.083018871716510390e+01,4.354269770416199087e-02,4.399676620960235596e-02
1.037456665798419664e+01,6.984811690772516068e-03,7.309688255190849304e-03
2.323672501830954928e+01,4.665918610662345145e-03,5.568673834204673767e-03
3.042717429785707139e+00,-3.090750794948727287e-01,-3.096599578857421875e-01
1.078829243661111104e+00,5.006385984843857440e-01,4.999336600303649902e-01
9.070544902397466913e+00,-9.372543241391709246e-02,-9.356005489826202393e-02
1.128057374118301048e+01,6.392272390731476572e-02,6.439105421304702759e-02
2.453027270357027945e+01,-3.167356681953936715e-02,-3.014845587313175201e-02
1.270504730551871830e+01,1.169495137044830255e-02,1.235037110745906830e-02
1.359010624806553480e+01,-4.468986276960858206e-02,-4.420366138219833374e-02
2.161324411777988175e+01,3.167967559301952674e-02,3.229940682649612427e-02
3.346465469239644275e+00,-3.276579297187736106e-01,-3.282881677150726318e-01
1.779544548395366732e+01,1.650032102006795606e-02,1.718642376363277435e-02
1.790018618721364874e+01,1.115496171612805933e-02,1.186483167111873627e-02
6.750538325188943922e+00,8.398750479515823542e-02,8.398231863975524902e-02
3.398835820869634095e+00,-3.276144116675640539e-01,-3.282490074634552002e-01
2.211599949342777904e+01,3.544670092029811315e-02,3.645551949739456177e-02
7.436589932291802763e-01,6.817456936974132242e-01,6.810351014137268066e-01
2.582905742399401561e+01,-5.139479815548810525e-03,-5.019614472985267639e-03
8.431626613261596903e-01,6.294887435698640621e-01,6.287554502487182617e-01
1.238558816057578227e+01,3.430490186168869832e-02,3.493318706750869751e-02
1.496744649593424903e+01,-3.173415169012448050e-02,-3.110925294458866119e-02
2.297487326015960107e+01,1.497183821330137429e-02,1.619567535817623138e-02
5.551257273612191234e-01,7.757690173029615499e-01,7.751160860061645508e-01
3.665924614932578596e-01,8.616894936091753499e-01,8.610482215881347656e-01
3.089850747002697573e-01,8.860762966826748466e-01,8.854420185089111328e-01
1.689467543591785414e+01,4.630698618082264989e-02,4.682616144418716431e-02
2.543627978676909507e+01,-1.848564739074892369e-02,-1.764916814863681793e-02
1.642857930641094910e+01,4.302620467160383350e-02,4.370979219675064087e-02
1.858623779356650729e+01,-2.278504263040092431e-02,-2.214419282972812653e-02
1.124391449504201823e+01,6.298483614998363900e-02,6.345771998167037964e-02
1.454848368289433758e+01,-4.983147108488078514e-02,-4.907522350549697876e-02
1.215515861340383097e+01,4.824215609848621356e-02,4.878885298967361450e-02
1.721937161602378552e+01,4.018214669591455707e-02,4.069928079843521118e-02
2.190651808690782332e+01,3.544502083420733585e-02,3.622715920209884644e-02
7.159027067902860253e+00,4.447784966794966072e-02,4.453338682651519775e-02
2.896080445221737243e+00,-2.880775613702322713e-01,-2.886232733726501465e-01
1.486270579267427117e+01,-3.709709069879352228e-02,-3.643917292356491089e-02
7.625123197409763520e+00,-1.145099759011324915e-02,-1.137043349444866180e-02
1.794208246851763988e+01,8.980128594483589508e-03,9.696191176772117615e-03
1.728745307314277113e+01,3.811982430841730218e-02,3.864947706460952759e-02
3.561183911672600177e-01,8.661919893408711602e-01,8.655515313148498535e-01
3.817798633909547767e+00,-2.969979883303612289e-01,-2.977525591850280762e-01
7.122367822511866953e-01,6.979020037063560222e-01,6.972017884254455566e-01
2.225739944357875366e+00,-9.244080815127966866e-02,-9.303155541419982910e-02
4.273420693090454137e+00,-2.168304177989687775e-01,-2.176755517721176147e-01
1.355344700192454255e+01,-4.309422675296007560e-02,-4.261577874422073364e-02
2.071771110490706747e+01,-7.574618559941184324e-04,4.937406629323959351e-04
1.726126789732777667e+01,3.894205460005328856e-02,3.946641832590103149e-02
2.079102959718905197e+01,2.576737970523648811e-03,3.788312897086143494e-03
2.266065115037966748e+01,2.561254927024875228e-02,2.701955102384090424e-02
2.257162155335868725e+00,-1.050221678393568336e-01,-1.056135669350624084e-01
9.395241082503398289e+00,-7.875059126933184328e-02,-7.848645001649856567e-02
4.226287376623463210e+00,-2.266814536705188676e-01,-2.275266498327255249e-01
6.614375410950971812e+00,9.294768791734349389e-02,9.288878738880157471e-02
1.074639615455712160e+01,3.780778375436642802e-02,3.824046999216079712e-02
4.577168732544390828e+00,-1.486545754882002413e-01,-1.494945734739303589e-01
2.241451049846871602e+00,-9.876917722967018531e-02,-9.936030954122543335e-02
1.704654945564482205e+01,4.424692637183491595e-02,4.475184530019760132e-02
7.284715911814833689e+00,2.982873964235275774e-02,2.988362498581409454e-02
1.205041791014385133e+01,5.354414555873460158e-02,5.405110865831375122e-02
1.567968327810210383e+01,1.068638384151392173e-02,1.140490733087062836e-02
2.015211130730318345e+01,-2.515779971385112904e-02,-2.410554327070713043e-02
2.483925777818721770e+01,-3.094675414194128851e-02,-2.920336462557315826e-02
5.755501644219148893e+00,7.539737919976539915e-02,7.491473108530044556e-02
2.033017050284514937e+01,-1.807135963172113238e-02,-1.688335277140140533e-02
2.454074677389628079e+01,-3.172046502245225857e-02,-3.018158115446567535e-02
1.999500025241321666e+01,-3.056948939911015989e-02,-2.962470985949039459e-02
1.762786035873770274e+01,2.460277744026488633e-02,2.523550949990749359e-02
2.209505135277578347e+01,3.554766714161366331e-02,3.653217107057571411e-02
1.058928509966715303e+01,2.572181048353371427e-02,2.610648237168788910e-02
1.482604654653328069e+01,-3.885931680438656916e-02,-3.818862885236740112e-02
1.290405464171267624e+01,-2.968396237251049417e-03,-2.360651269555091858e-03
1.267362509529072367e+00,3.947956306936410975e-01,3.941095471382141113e-01
2.359808044455647291e+01,-9.704296858175108509e-03,-9.149501100182533264e-03
2.477117632181823570e+00,-1.842344839349902841e-01,-1.847988516092300415e-01
7.803182392951727664e+00,-3.219375172308485550e-02,-3.207114338874816895e-02
2.211076245826478015e+01,3.547402688325066583e-02,3.647666424512863159e-02
2.378137667526143417e+01,-1.630194798284524335e-02,-1.575865782797336578e-02
1.117059600276003373e+01,6.070971378223728732e-02,6.118962913751602173e-02
2.160800708261688285e+01,3.157386779696023243e-02,3.219301253557205200e-02
2.326814722928754264e+01,3.393813301879029017e-03,4.256447777152061462e-03
1.422902453795140154e+01,-5.609918345433122927e-02,-5.535043030977249146e-02
5.352249936668231456e+00,1.853498229075920684e-02,1.785581000149250031e-02
1.018603339211623648e+01,-1.078042659844172593e-02,-1.048180647194385529e-02
2.491257627046920220e+01,-3.014765013825039530e-02,-2.842266298830509186e-02
1.019127042727923538e+01,-1.027820984424279542e-02,-9.979331865906715393e-03
2.532106501318311942e+01,-2.182381418021056216e-02,-2.071062661707401276e-02
1.286215836040868510e+01,9.988965636314752719e-05,7.207747548818588257e-04
2.050299266322411285e+01,-1.053136820218462943e-02,-9.260023012757301331e-03
1.661187553711591391e+01,4.606818400992340051e-02,4.667312651872634888e-02
2.105288135533900018e+01,1.395505720520268285e-02,1.493275724351406097e-02
3.142221106132686570e-02,9.897841843559532782e-01,9.892722368240356445e-01
1.765404553455269721e+01,2.338436610321325410e-02,2.402613125741481781e-02
2.246164381418570954e+01,3.070287444515661796e-02,3.205060213804244995e-02
8.892485706855502769e+00,-9.683121527380095239e-02,-9.669370204210281372e-02
8.133115608220657933e+00,-6.529026234293779096e-02,-6.509163975715637207e-02
1.541259448478915850e+01,-5.492242263425679318e-03,-4.868516698479652405e-03
4.173917024993473390e+00,-2.372944298581273204e-01,-2.381380945444107056e-01
1.245890665285776855e+01,2.935956724411430130e-02,3.000537119805812836e-02
1.433376524121138296e+01,-5.488111304987455807e-02,-5.411317199468612671e-02
1.334920263056758394e+01,-3.262618623345094754e-02,-3.215391188859939575e-02
9.060070832821467413e-01,5.957305744421130811e-01,5.949948430061340332e-01
4.247235517275459671e+00,-2.223362572020209094e-01,-2.231815755367279053e-01
1.173619580036391596e+01,6.440364908240273079e-02,6.483570486307144165e-02
1.686325322568986040e+00,1.635525658759706680e-01,1.628574132919311523e-01
8.342597014740615435e+00,-8.098531118238876114e-02,-8.078312873840332031e-02
1.135912926862799566e+01,6.547956165855053912e-02,6.593684107065200806e-02
2.433126536737632151e+01,-2.983231449933221313e-02,-2.861539460718631744e-02
1.255841032095474752e+01,2.237119912863759150e-02,2.303070388734340668e-02
1.109204047531504855e+01,5.769093105593996185e-02,5.817411839962005615e-02
1.965459296681828505e+01,-3.862301477316182341e-02,-3.769271820783615112e-02
2.340431014352551387e+01,-2.111312810553867252e-03,-1.408347859978675842e-03
8.243093346643636465e+00,-7.412838238838057037e-02,-7.392228394746780396e-02
2.597045737339498572e+01,5.199400695807926724e-07,1.729186624288558960e-04
1.553304629353813304e+01,1.908987964054809083e-03,2.572333440184593201e-03
1.294595092301666739e+01,-6.012000164534672328e-03,-5.418548360466957092e-03
1.010224082950825419e+01,-1.883980967482441066e-02,-1.854339428246021271e-02
2.545199089300809181e+00,-2.054363632878908608e-01,-2.059847861528396606e-01
8.169774855111651135e-01,6.433915403036397640e-01,6.426621675491333008e-01
1.121249228406402487e+01,6.207465975737732483e-02,6.255093961954116821e-02
1.167858841432092953e+00,4.507942545523986877e-01,4.501057863235473633e-01
6.729590184536948350e+00,8.553141567626525166e-02,8.551891893148422241e-02
1.032219630635420771e+01,2.134750311312029036e-03,2.449242398142814636e-03
8.714426511313540402e+00,-9.594023229450082679e-02,-9.579613804817199707e-02
2.241974753288171840e+01,3.157114726909172886e-02,3.289028257131576538e-02
1.449611333126434687e+01,-5.136454157480145610e-02,-5.059944838285446167e-02
1.573205362973209276e+01,1.371278143061586442e-02,1.444975100457668304e-02
1.809395648824460778e+01,1.030978853497941479e-03,1.750892028212547302e-03
6.755775361101943322e-01,7.165199529704319170e-01,7.158325314521789551e-01
1.896854136046542649e+01,-3.555429878258759002e-02,-3.468788415193557739e-02
2.382327295656542532e+01,-1.769651530015904639e-02,-1.713603176176548004e-02
6.766249430677939714e+00,8.279234184553239950e-02,8.279232680797576904e-02
2.387040627303241891e+01,-1.920601277926986539e-02,-1.861759461462497711e-02
4.215813306297465424e+00,-2.288332967018602837e-01,-2.296783626079559326e-01
2.597569440930798557e+00,-2.206294105577014664e-01,-2.211665660142898560e-01
7.855552744581716595e+00,-3.799092894902872386e-02,-3.785396367311477661e-02
2.162371818810587953e+01,3.188737882499880633e-02,3.250835090875625610e-02
3.603080192226591816e+00,-3.190401364723383648e-01,-3.197127878665924072e-01
6.012116367206095546e+00,9.549125764626972823e-02,9.512858092784881592e-02
7.761286111647735630e+00,-2.744262486096309475e-02,-2.733122743666172028e-02
5.797397925523139151e+00,7.957056408918106172e-02,7.910764962434768677e-02
5.813109031762135892e-01,7.631548497107449869e-01,7.624961733818054199e-01
2.306390285793058581e+01,1.155722450963816809e-02,1.268023811280727386e-02
8.573026561912568511e+00,-9.231539761159411606e-02,-9.214876592159271240e-02
7.708915760017746699e+00,-2.138056801348858782e-02,-2.128219045698642731e-02
2.531582797802012053e+01,-2.196682200045823111e-02,-2.084156312048435211e-02
1.950271894709131715e+01,-4.028150477003784868e-02,-3.927914053201675415e-02
1.504600202337923243e+01,-2.743479970349083433e-02,-2.682859636843204498e-02
1.529214267679018580e+00,2.485240536299865299e-01,2.478016167879104614e-01
1.397764685012745467e+01,-5.546954028751530791e-02,-5.482003837823867798e-02
6.488686567038997488e+00,9.877198768631613446e-02,9.865269809961318970e-02
1.426044674892939668e+01,-5.582320677126086095e-02,-5.506698042154312134e-02
1.754406779612972045e+01,2.835600217788807401e-02,2.895983122289180756e-02
2.827998988102751188e+00,-2.756039436140020893e-01,-2.761356234550476074e-01
4.132020743689483133e+00,-2.455054547627006922e-01,-2.463460564613342285e-01
4.048228181081499955e+00,-2.610918851858577971e-01,-2.619207203388214111e-01
1.189330685525388454e+01,5.999714185458990268e-02,6.045534461736679077e-02
1.219181785954482322e+01,4.621861682233482232e-02,4.677958041429519653e-02
5.163716670800270414e+00,-1.711654013971439930e-02,-1.787665672600269318e-02
4.896627877487325087e+00,-7.461942850026954954e-02,-7.544770091772079468e-02
1.599390538788203919e+01,2.749897053140791872e-02,2.828889153897762299e-02
2.214742170440577240e+01,3.525368805088663349e-02,3.629890829324722290e-02
1.827201568378657015e+01,-8.146720160729216051e-03,-7.457608357071876526e-03
5.394146217972223489e+00,2.575252884279172205e-02,2.509337477385997772e-02
1.833486010574255687e+01,-1.127683298488128295e-02,-1.060345210134983063e-02
2.001071135790220978e+01,-3.007033137058401709e-02,-2.911684848368167877e-02
1.928276347024536364e+01,-4.033948425398138637e-02,-3.928523510694503784e-02
2.228882165380674607e+01,3.378016226979820708e-02,3.498210757970809937e-02
1.434423931153737897e+01,-5.471293140802010319e-02,-5.394399911165237427e-02
1.593106096592605070e+01,2.443271197882570384e-02,2.521783672273159027e-02
1.089303313912109061e+01,4.748041199311232169e-02,4.794716089963912964e-02
2.139852567609692713e+01,2.631940926512301923e-02,2.698991261422634125e-02
7.646071338811759599e-01,6.708781437075057585e-01,6.701613068580627441e-01
1.128581077634600938e+01,6.404576104803995362e-02,6.451342254877090454e-02
8.468285858652590647e+00,-8.798043382090159348e-02,-8.779490739107131958e-02
1.653855704483392586e+01,4.512105966144967090e-02,4.575680941343307495e-02
1.995834100627222085e+01,-3.169472755743255737e-02,-3.076789714395999908e-02
2.306913989309358115e+01,1.135270494707896205e-02,1.246938668191432953e-02
2.510634657150016480e+01,-2.696457993608967693e-02,-2.543161250650882721e-02
6.441553250572006561e+00,1.002945612528705482e-01,1.001509279012680054e-01
7.138078927250863792e+00,4.684181977772999828e-02,4.689724743366241455e-02
1.864384518110949518e+00,7.182297668069323460e-02,7.119914144277572632e-02
1.903662281758441210e+01,-3.706422800062336015e-02,-3.613808006048202515e-02
1.209755122736084321e+00,4.272343350013994567e-01,4.265492856502532959e-01
2.555673159626807411e+00,-2.085532656906210203e-01,-2.090992331504821777e-01
1.625575714603198563e+01,3.816177235611328822e-02,3.891164809465408325e-02
2.519013913485814715e+00,-1.974742236764407133e-01,-1.980287730693817139e-01
2.131473311423894401e+00,-5.293467849864407632e-02,-5.352070182561874390e-02
2.169179964522486515e+01,3.310858839820531030e-02,3.374683111906051636e-02
3.775902352605555734e+00,-3.022465510744831718e-01,-3.029837608337402344e-01
